USE [SWEET FACTORY]
GO

INSERT INTO [dbo].[DEPARTMENT]
           ([DEPARTMENT_ID]
           ,[DEPARTMENT_TITLE])
     VALUES 
	 (3,'Відділ збуту')
GO

INSERT INTO [dbo].[POST]
           ([POST_ID]
           ,[POST_NAME]
           ,[DEPARTMENT_ID])
     VALUES
           (1,'Начальник відділу збуту',3),
		   (2,'Торговельний представник',3),
		   (3,'Фахівець з продажу',3)
GO

INSERT INTO [dbo].[SALARY]
           ([SALARY_ID]
           ,[SALARY_VALUE]
           ,[POST_ID]
		   ,[CHANGED_DATE])
     VALUES
           (1 ,5000,1,DATEFROMPARTS(2016,05,05)),
		   (2 ,4000,2,DATEFROMPARTS(2016,02,03)),
		   (3 ,3500,3,DATEFROMPARTS(2016,03,07))
GO

INSERT INTO [dbo].[ADDRESS]
           ([ADDRESS_ID]
           ,[CITY]
           ,[STREET]
           ,[COUNTRY]
           ,[REGION]
           ,[BUILDING_NUMBER])
     VALUES
           (1,'Львів','Сахарова','Україна','Івано-Франківський',25),
		     --Manufacturer
		   (2,'Львів','Клепарівська','Україна','Галицький',43),
		   (3,'Львів','Пасічна','Україна','Личаківський',35),
		   --End manufacturer
		   (4,'Львів','Городоцька','Україна','Залізничний',70),
		   (5,'Львів','Наукова','Україна','Івано-Франківський',78),
		   (6,'Львів','Зелена','Україна','Сихівський',42),
		   (7,'Львів','Хуторівка','Україна','Сихівський',13),
		   (8,'Львів','Степана Бандери','Україна','Галицький',72),
		   (9,'Львів','Чупринки','Україна','Галицький',85),
		   (10,'Львів','Січових Стрільців','Україна','Галицький',72),
		   (11,'Львів','Володимира Вернадського','Україна','Сихівський',57),
		   (12,'Львів','Щирецька','Україна','Івано-Франківський',59),
		   (13,'Львів','Патона','Україна','Залізничний',50),
		   (14,'Львів','Личаківська','Україна','Личаківський',11),
		   (15,'Львів','Лисенка','Україна','Галицький',17),
		   (16,'Львів','Хімічна','Україна','Шевченківський',32),
		   (17,'Львів','Клепарівська','Україна','Галицький',52),
		   (18,'Львів','Шевченка','Україна','Шевченківський',13),
		   (19,'Львів','Княгині Ольги','Україна','Івано-Франківський',71),
		   (20,'Львів','Пекарська','Україна','Галицький',213),
		   (21,'Львів','Щирецька','Україна','Івано-Франківський',56),
		   (22,'Львів','Патона','Україна','Залізничний',23),
		   (23,'Львів','Личаківська','Україна','Личаківський',73),
		   (24,'Львів','Лисенка','Україна','Галицький',26),
		   (25,'Львів','Хімічна','Україна','Шевченківський',43),
		   (26,'Львів','Клепарівська','Україна','Галицький',25),
		   (27,'Львів','Шевченка','Україна','Шевченківський',687),
		   (28,'Львів','Княгині Ольги','Україна','Івано-Франківський',35),
		   (29,'Львів','Шевченка','Україна','Шевченківський',342),
		   (30,'Львів','Княгині Ольги','Україна','Івано-Франківський',24)
GO


INSERT INTO [dbo].[STAFF]
           ([STAFF_ID]
		   ,[STAFF_NAME]
           ,[BIRTH_DATE]
           ,[POST_ID]
           ,[STAFF_SURNAME]
           ,[MOBILE_PHONE]
           ,[EMAIL]
           ,[ADDRESS]
           ,[LOGIN]
           ,[PASSWORD])
     VALUES
		   (1,'Назар' ,DATEFROMPARTS(1989,09,03),1,'Духніч','+380988989147','duknich@gmail.com',1,'director_test','test'),
		   (2,'Данило' ,DATEFROMPARTS(1989,09,03),2,'Дудас','+380910261189','caedo_2003@gmail.com',2,'saler_test','test'),
		   (3,'Максим' ,DATEFROMPARTS(1991,09,03),2,'Коваленко','+380992471359','dyod@gmail.com',3,'dyod','dyod'),
		   (4,'Владислав' ,DATEFROMPARTS(1986,09,03),2,'Барановський','+380992968637','daebyv@gmail.com',4,'daebyv','daebyv'),
		   (5,'Микита' ,DATEFROMPARTS(1990,09,03),2,'Семеночко','+380922261847','quepo@gmail.com',5,'quepo','quepo'),
		   (6,'Артем' ,DATEFROMPARTS(1993,09,03),2,'Луцький','+380944176719','lyithie@gmail.com',6,'lyithie','lyithie'),
		   (7,'Кирило' ,DATEFROMPARTS(1987,09,03),2,'Трясило','+380942471906','fyecee@gmail.com',7,'fyecee','fyecee'),
		   (8,'Єгор' ,DATEFROMPARTS(1994,09,03),2,'Махно','+380990589767','ryariu@gmail.com',8,'ryariu','ryariu'),
		   (9,'Ілля' ,DATEFROMPARTS(1979,09,03),2,'Свидригайло','+380997716671','chiupupjo@gmail.com',9,'chiupupjo','chiupupjo'),
		   (10,'Андрій' ,DATEFROMPARTS(1982,09,03),2,'Личман','+380991459793','chira@gmail.com',10,'chira','chira'),
		   (11,'Богдан' ,DATEFROMPARTS(1987,09,03),2,'Колдун','+380921627129','piuhyn@aol.com',11,'piuhyn','piuhyn'),
		   (12,'Денис' ,DATEFROMPARTS(1994,09,03),2,'Трясун','+380949206678','shiozio@inbox.ru',12,'shiozio','shiozio'),
		   (13,'Ілля' ,DATEFROMPARTS(1978,09,03),2,'Шкараба','+380998197532','thujjer@netbox.com',13,'thujjer','thujjer'),
		   (14,'Андрій' ,DATEFROMPARTS(1989,09,03),2,'Погиба','+380990154073','mypagje@sexnarod.ru',14,'mypagje','mypagje'),
		   (15,'Богдан' ,DATEFROMPARTS(1987,09,03),2,'Головець','+380982401969','zhiuzhjihji@umr.ru',15,'zhiuzhjihji','zhiuzhjihji'),
		   (16,'Денис' ,DATEFROMPARTS(1979,09,03),2,'Нигода','+380994387348','juvu@rumail.ru',16,'juvu','juvu'),
		   (17,'Дмитро' ,DATEFROMPARTS(1980,09,03),2,'Лихно','+380958091219','quosioqu@lycos.com',17,'quosioqu','quosioqu'),
		   (18,'Ярослав' ,DATEFROMPARTS(1990,09,03),2,'Хуба','+380996559621','mjetoul@adelite.com',18,'mjetoul','mjetoul'),
		   (19,'Олександр' ,DATEFROMPARTS(1987,09,03),2,'Степанець','+380963411676','schumjifjo@gmail.com',19,'schumjifjo','schumjifjo'),
		   (20,'Анастасія' ,DATEFROMPARTS(1986,09,03),2,'Поривайло','+380947675142','loqu@gmail.com',20,'loqu','loqu'),
		   (21,'Юлія' ,DATEFROMPARTS(1995,09,03),2,'Засила','+380989208463','fiaho@gmail.com',21,'fiaho','fiaho'),
		   (22,'Вікторія' ,DATEFROMPARTS(1973,09,03),2,'Притула','+380966265113','qujuviufy@gmail.com',22,'qujuviufy','qujuviufy'),
		   (23,'Уляна' ,DATEFROMPARTS(1978,09,03),2,'Компанець','+380990610736','thooloh@hotbox.com',23,'thooloh','thooloh'),
		   (24,'Анастасія' ,DATEFROMPARTS(1992,09,03),2,'Паращук','+380919107435','qujuviufy@yandex.ru',24,'qujuviufy','qujuviufy'),
		   (25,'Юлія' ,DATEFROMPARTS(1991,09,03),2,'Тарасюк','+380916257638','thooqujat@rin.ru',25,'thooqujat','thooqujat'),
		   (26,'Вікторія' ,DATEFROMPARTS(1990,09,03),2,'Сердюк','+380916433433','hurjok@nextmail.ru',26,'hurjok','hurjok'),
		   (27,'Уляна' ,DATEFROMPARTS(1994,09,03),2,'Сторожук','+380944736773','kyalev@chat.ru',27,'kyalev','kyalev'),
		   (28,'Кристина' ,DATEFROMPARTS(1995,09,03),2,'Гайдук','+380945710574','zyaxooh@gmail.com',28,'zyaxooh','zyaxooh'),
		   (29,'Олександра' ,DATEFROMPARTS(1990,09,03),2,'Микитин','+380996932056','njoquoothio@gmail.com',29,'njoquoothio','njoquoothio'),
		   (30,'Аліна ' ,DATEFROMPARTS(1989,09,03),3,'Ющик','+380949480551','chooviaxy@gmail.com',30,'specialist_test','test')
GO

INSERT INTO [dbo].[CATEGORY]
           ([CATEGORY_ID]
           ,[CATEGORY_TITLE])
     VALUES
           (1,'Шоколад'),(2,'Батончики'),(3,'Цукерки в коробках'),(4,'Цукерки шоколадні і глазуровані'),
		   (5,'Цукерки неглазуровані'),(6,'Желейні цукерки'),(7,'Тофі неглазуроване'),
		   (8,'Карамель'),(9,'Вафельна продукція'),(10,'Печиво'),
		   (11,'Крекер'),(12,'Бісквіти'),(13,'Торти'),(14,'Ексклюзивна продукція'),
		   (15,'Дитяча новорічна продукція'),(16,'Новинки')

GO

INSERT INTO [dbo].[PACKAGE_DESCRIPTION]
           ([PACK_DESCR_ID]
           ,[WIDTH]
           ,[HEIGTH]
           ,[LENGTH])
     VALUES
           (1,20,30,40),
		   (2,35,30,45),
		   (3,25,40,59),
		   (4,50,50,50),
		   (5,29,100,60),
		   (6,100,50,40),
		   (7,200,35,40),
		   (8,26,35,75),
		   (9,15,30,50),
		   (10,20,30,100)
GO


INSERT INTO [dbo].[WAREHOUSE]
           ([WAREHOUSE_ID]
           ,[CAPACITY]
           ,[FREE_SPACE]
           ,[PHONE_NUMBER]
           ,[ADDRESS]
           ,[FAX]
		   ,[STAFF_ID])
     VALUES
           (1,100000,100000,'+380986456174',1,'75037',30)
GO

INSERT INTO [dbo].[CLIENT]
           ([CLIENT_ID]
           ,[CLIENT_NAME]
           ,[CLIENT_SURNAME]
           ,[CLIENT_MIDDLE_NAME]
           ,[COMPANY_TITLE]
           ,[MOBILE_PHONE]
           ,[COMPANY_PHONE]
           ,[EMAIL]
           ,[ADDRESS])
     VALUES
           (1,'Валентин','Артимишин','Ігорович','Приватний магазин','+380999239770','+380993288457','ljosheekye@google.com',4),
		   (2,'Владислав','Абраменко','Олегович','Солодкий світ','+380990127106','+380934280587','dieschyo@netbox.com',5),
		   (3,'В"ячеслав','Бедзик','Володимирович','Солодке','+380946991429','+380958986531','sajjuvae@mnogo.ru',6),
		   (4,'Данило','Бакуменко','Андрійович','Українські солодощі','+380999509905','+380912623850','schjachyosiuth@orc.ru',7),
		   (5,'Зиновій','Артим','Антонович','Приватний магазин','+380983685524','+380924817217','diethjil@umr.ru',8),
		   (6,'Кирило','Наливайко','Іванович','Солодощі Поділля','+380993288457','+380983685524','xyshiob@land.ru',9),
		   (7,'Любомир','Ольхівський','Олегович','Солодка фабрика','+380983685524','+380958986531','zioviodyp@adelite.com',10),
		   (8,'Мар"ян','Палій','Тарасович','Європейські солодощі','+380942683112','+380970633132','rizhouhyo@softhome.com',11),
		   (9,'Олег','Нікітенко','Володимирович','Продукти','+380929526717','+380949127792','pouzhje@xaker.ru',12),
		   (10,'Павло','Німченко','Тарасович','Приватний підприємець','+380995406792','+380946695133','ljuzo@usa.net',13),
		   (11,'Тарас','Осадчук','Андрійович','Солодке','+380998897691','+380927767354','schiudy@orc.ru',14),
		   (12,'Володимир','Теплицький','Антонович','Приватний підприємець','+380975968844','+380920434845','taebyisch@hob.ru',15),
		   (13,'Кирило','Тесленко','Андрійович','Зоряне сяйво','+380931763573','+380971532187','byoquyenyi@narod.ru',16),
		   (14,'Володимир','Терещенко','Володимирович','Приватний підприємець','+380921056662','+380916769834','zooscheeko@orc.ru',17),
		   (15,'Владислав','Ткаченко','Ігорович','Приватний підприємець','+380947214204','+380981504506','shych_1982@visto.com',18),
		   (16,'Олександра','Томащук','Тарасівна','Приватний підприємець','+380922438099','+380993288457','riatiu@sexnarod.ru',19),
		   (17,'Оксана','Фенько','Іванівна','','+380927958405','+380976241190','moutja@smtp.ru',20),
		   (18,'Олена','Філіпенко','Володимирівна','Солодкий всесвіт','+380955654376','+380985102646','pietoufju@netbox.com',21),
		   (19,'Олеся','Цимбалюк','Юріївна','Приватний підприємець','+380964420462','+380969110949','schyapja@narod.ru',22),
		   (20,'Наталія','Цюпа','Олегівна','Приватний підприємець','+380935619339','+380923993876','vouschae@aol.com',23),
		   (21,'Марія','Царенко','Володимирівна','Приватний підприємець','+380968197680','+380994390637','meji@aol.com',24),
		   (22,'Уляна','Хорішко','Антонівна','Приватний підприємець','+380960767925','+380910756794','xith@rambler.ru',25),
		   (23,'Софія','Химич','Антонівна','Приватний підприємець','+380938717465','+380929912795','xoohia@list.ru',26),
		   (24,'Владислав','Ханенко','Василівна','Приватний підприємець','+380983938515','+380981879892','zoomyik@hotbox.ru',27),
		   (25,'Володимир','Фоменко','Ігорович','Приватний магазин','+380971829877','+380995975789','gyoquaeth@exn.ru',28)

GO

INSERT INTO [dbo].[SALE_ORDER]
           ([SALE_ORDER_ID]
           ,[CLIENT_ID]
           ,[ORDER_DATE]
           ,[REQUIRED_DATE]
           ,[ORDER_STATUS]
           ,[DELIVERY_STATUS]
           ,[DISCOUNT]
           ,[TOTAL]
           ,[STAFF_ID]
		   ,[PAID])
     VALUES
           (1,1,DATEFROMPARTS(2015,03,25),DATEFROMPARTS(2015,05,21),'Реалізоване','Не замовлено',0,318190,10,318190),
		   (2,2,DATEFROMPARTS(2015,01,02),DATEFROMPARTS(2015,04,02),'Реалізоване','Не замовлено',0,97674,18,97674),
		   (3,3,DATEFROMPARTS(2015,01,16),DATEFROMPARTS(2015,05,05),'Активне','Замовлено',77,84319,15,1232),
		   (4,4,DATEFROMPARTS(2015,01,19),DATEFROMPARTS(2015,05,18),'Активне','Замовлено',0,714686,25,12311),
		   (5,5,DATEFROMPARTS(2015,02,18),DATEFROMPARTS(2015,06,05),'Активне','Не замовлено',0,403616,23,35321),
		   (6,6,DATEFROMPARTS(2015,02,24),DATEFROMPARTS(2015,07,08),'Активне','Не замовлено',0,706786,24,4353),
		   (7,7,DATEFROMPARTS(2015,03,10),DATEFROMPARTS(2015,07,17),'Реалізоване','Замовлено',0,348473,17,348473),
		   (8,8,DATEFROMPARTS(2015,03,25),DATEFROMPARTS(2015,07,21),'Активне','Не замовлено',77,49570,12,35321),
		   (9,9,DATEFROMPARTS(2015,03,31),DATEFROMPARTS(2015,08,24),'Реалізоване','Не замовлено',172,451346,14,451346),
		   (10,10,DATEFROMPARTS(2015,04,24),DATEFROMPARTS(2015,09,04),'Реалізоване','Не замовлено',0,132596,15,132596),
		   (11,11,DATEFROMPARTS(2015,05,06),DATEFROMPARTS(2015,09,18),'Активне','Не замовлено',0,966188,19,35321),
		   (12,12,DATEFROMPARTS(2015,05,25),DATEFROMPARTS(2015,11,16),'Скасоване','Замовлено',108,135262,21,35321),
		   (13,13,DATEFROMPARTS(2015,05,29),DATEFROMPARTS(2015,11,20),'Активне','Не замовлено',0,253150,11,4353),
		   (14,14,DATEFROMPARTS(2015,06,11),DATEFROMPARTS(2015,12,14),'Активне','Не замовлено',0,50282,19,4354),
		   (15,15,DATEFROMPARTS(2015,06,17),DATEFROMPARTS(2015,12,17),'Виконано','Не замовлено',0,599034,27,35321),
		   (16,16,DATEFROMPARTS(2015,07,20),DATEFROMPARTS(2015,12,23),'Активне','Не замовлено',148,485056,26,4354),
		   (17,17,DATEFROMPARTS(2015,07,28),DATEFROMPARTS(2016,01,11),'Активне','Замовлено',0,179844,24,4353),
		   (18,18,DATEFROMPARTS(2015,08,06),DATEFROMPARTS(2016,01,15),'Активне','Не замовлено',0,85091,26,4353),
		   (19,19,DATEFROMPARTS(2015,08,07),DATEFROMPARTS(2016,01,19),'Активне','Не замовлено',0,26218,17,4353),
		   (20,20,DATEFROMPARTS(2015,08,13),DATEFROMPARTS(2016,01,20),'Реалізоване','Замовлено',184,755539,20,755539),
		   (21,21,DATEFROMPARTS(2015,09,07),DATEFROMPARTS(2016,02,19),'Реалізоване','Не замовлено',0,859065,30,859065),
		   (22,22,DATEFROMPARTS(2015,10,21),DATEFROMPARTS(2016,02,24),'Скасоване','Не замовлено',127,352954,13,2131),
		   (23,23,DATEFROMPARTS(2015,10,23),DATEFROMPARTS(2016,03,03),'Активне','Замовлено',0,984089,23,1231),
		   (24,24,DATEFROMPARTS(2015,12,17),DATEFROMPARTS(2016,03,04),'Реалізоване','Замовлено',163,754844,26,754844),
		   (25,25,DATEFROMPARTS(2015,12,21),DATEFROMPARTS(2016,03,10),'Активне','Не замовлено',0,788770,16,1231)
GO

INSERT INTO [dbo].[DELIVERY_ADDRESS]
           ([DEL_ADDRESS_ID]
           ,[DELIVERY_ADDRESS_FROM]
           ,[DELIVERY_ADDRESS_TO]
           ,[DISTANCE])
     VALUES
           (1,1,7,200),
		   (2,1,10,488),
		   (3,1,15,282),
		   (4,1,20,198),
		   (5,1,26,450),
		   (6,1,27,112),
		   (7,1,23,220)
GO


INSERT INTO [dbo].[DELIVERY]
           ([DELIVERY_ID],
		   [SALE_ORDER_ID]
           ,[DELIVERY_DATE]
           ,[DELIVERY_TOTAL]
           ,[DEL_ADDRESS_ID]
		   ,[COST_PER_KM])
     VALUES
           (1,3 ,DATEFROMPARTS(2015,01,29),100,1,2),
		   (2,7 ,DATEFROMPARTS(2015,03,30),200,2,2),
		   (3,12 ,DATEFROMPARTS(2015,05,05),250,3,2),
		   (4,17 ,DATEFROMPARTS(2015,08,10),350,4,2),
		   (5,23 ,DATEFROMPARTS(2015,11,12),470,5,3),
		   (6,24 ,DATEFROMPARTS(2015,12,28),230,6,3),
		   (7,20 ,DATEFROMPARTS(2015,08,26),140,7,3)

GO

INSERT INTO [dbo].[PRODUCT_INFO]
           ([PRODUCT_INFO_ID],
		    [CATEGORY_ID],
            [PRODUCT_TITLE]
           ,[PRODUCT_DESCRIPTION]
           ,[QUANTITY_IN_PACKAGE]
           ,[PACK_DESCR_ID]
		   ,[PRODUCTION_PRICE])
     VALUES
           (1,1,'«ROSHEN» молочний з цілими лісовими горіхами',
		   'Молочний шоколад з цілими лісовими горіхами. Вміст какао-продуктів – 31% ',30,1,346),
		   (2,1,'«ROSHEN» екстрачорний з цілими лісовими горіхами',
		   'Класичний чорний шоколад з цілими лісовими горіхами. Вміст какао-продуктів – 56% ',30,1,430),
		   (3,1,'Білий шоколад «Сливки-Ленивки» 50 г',
		   'Білий шоколад з молочно-кремовою начинкою. Вміст какао-продуктів: 32% ',30,1,285),
		   (4,1,'Білий шоколад «Сливки-Ленивки» 100 г',
		   'Білий шоколад з молочно-кремовою начинкою. Вміст какао-продуктів: 32% ',30,1,349),
		   (5,1,'Молочний шоколад «Сливки-Ленивки» 50 г',
		   'Молочний шоколад з молочно-кремовою начинкою. Вміст какао-продуктів: 34% ',30,1,113),
		   (6,1,'Молочний шоколад «Сливки-Ленивки» 100 г',
		   'Молочний шоколад з молочно-кремовою начинкою. Вміст какао-продуктів: 34% ',30,1,185),
		   (7,1,'«ROSHEN» темний молочний',
		   'Темний молочний шоколад  ',30,1,257),
		   (8,1,'«ROSHEN» молочний',
		   'Молочний шоколад. Вміст какао-продуктів 30%. ',30,1,165),
		   (9,1,'««ROSHEN» екстрамолочний',
		   'Молочний шоколад з високим вмістом молочних продуктів ',30,1,149),
		   (10,1,'Чорний шоколад з начинкою «LoungeBar ROSHEN» горіхове праліне',
		   'Чорний шоколад з начинкою з горіхового праліне з тертими лісовими горіхами. Какао-продукти: 53%  ',30,1,431),
		   (11,1,'Молочний шоколад з начинкою «LoungeBar ROSHEN» мигдальне праліне',
		   'Молочний шоколад з начинкою з мигдального праліне на основі тертого обсмаженого мигдалю. Какао-продукти: 34% ',30,1,320),
		   (12,1,'Молочний шоколад з начинкою «LoungeBar ROSHEN» трюфель-ром',
		   'Молочний шоколад з трюфельною начинкою з додаванням рому. Какао-продукти: 34% ',30,1,178),
		   (13,1,'«ROSHEN» екстрамолочний з сезамом',
		   'Обсмажені зерна сезаму, багато молока та 31% какао-продуктів ',30,1,106),
		   (14,1,'«ROSHEN Elegance» темний молочний з подрібненим мигдалем',
		   'Преміальний молочний шоколад з подрібненим мигдалем. Вміст какао-продуктів — 37%  ',30,1,386),
		   (15,1,'«ROSHEN Elegance» темний молочний з подрібненими лісовими горіхами',
		   'Преміальний темний молочний шоколад з подрібненими лісовими горіхами ',30,1,203),
		   (16,1,'«ROSHEN Elegance» екстрачорний з подрібненим мигдалем',
		   'Преміальний чорний шоколад з подрібненим мигдалем. Вміст какао-продуктів – 60% ',30,1,440),
		   (17,1,'«ROSHEN Elegance» екстрачорний',
		   'Преміальний чорний шоколад. Вміст какао-продуктів – 60%  ',30,1,309),
		   (18,1,'«ROSHEN» екстрамолочний з тертими лісовими горіхами',
		   'Екстрамолочний шоколад з тертими лісовими горіхами',30,1,141),
		   (19,1,'«ROSHEN» молочний з подрібненими лісовими горіхами',
		   'Молочний шоколад з подрібненим лісовим горіхом',30,1,488),
		   (20,1,'«ROSHEN» молочний з подрібненими лісовими горіхами та родзинками',
		   'Молочний шоколад з подрібненими лісовими горіхами та родзинками ',30,1,197),
		   (21,1,'«ROSHEN» екстрачорний',
		   'Класичний чорний шоколад. Мінімальний вміст какао-продуктів – 56%',30,1,136),
		   (22,1,'«ROSHEN» екстрачорний з подрібненими лісовими горіхами',
		   'Екстрачорний шоколад з подрібненими лісовими горіхами. Мінімальний вміст какао-продуктів – 56% ',30,1,172),
		   (23,1,'«ROSHEN» Brut',
		   'Екстрачорний шоколад. Вміст какао-продуктів – 78% ',30,1,320),
		   (24,1,'«ROSHEN» Noir',
		   'Екстрачорний шоколад. Тонкий шляхетний смак. 70% какао-продуктів. ',30,1,427),
		   (25,1,'Темний молочний шоколад «Чайка»',
		   'Традиційний молочний шоколад з додаванням смаженого тертого горіху. Мінімальний вміст какао-продуктів - 33% ',30,1,236),
		   (26,1,'Молочний шоколад «Оленка»',
		   'Традиційний молочний шоколад. Мінімальний вміст какао-продуктів – 35% ',30,1,368),
		   (27,1,'«ROSHEN» пористий білий',
		   'Білий пористий шоколад. Вміст какао-масла – до 33%. До складу входять високоякісні молочні продукти і спеціально підібраний тип какао-масла ',30,1,313),

		    (28,2,'«Johnny Krocker Milk» 20 г.',
		   'Вафлі з молочною начинкою у шоколадній глазурі ',50,3,191),
		    (29,2,'«Johnny Krocker Choco» 20 г.',
		   'Вафлі з шоколадною начинкою у шоколадній глазурі',50,3,175),
		    (30,2,'Шоколадний батон ROSHEN з помадно-шоколадною начинкою',
		   'Шоколадний батон з високоякісного шоколаду із помадно-шоколадною начинкою з додаванням коньяку ',50,3,310),
		    (31,2,'Молочно-шоколадний батон ROSHEN з начинкою крем-брюле',
		   'Шоколадний батон із високоякісного шоколаду з начинкою крем-брюле на основі пряженого молока з додаванням коньяку ',50,3,89),
		    
			(32,3,'«Пташине молоко Рошен» Ванільне',
		   'Ванільне суфле у шоколадній глазурі',35,5,171),
		    (33,3,'«Пташине молоко Рошен» Вершкове',
		   'Вершкове суфле у шоколадній глазурі ',35,5,396),
		    (34,3,'«Пташине молоко Рошен» Шоколадне',
		   'Шоколадне суфле у шоколадній глазурі ',35,5,367),
		    (35,3,'«Almond&Praline»',
		   'Класичне праліне з подрібненим мигдалем у шоколадній глазурі. ',35,5,174),
		    (36,3,'«Київ вечірній»',
		   'Класичне праліне з подрібненим фундуком та цілим лісовим горіхом у шоколадній глазурі ',35,5,459),
		    (37,3,'«Вишня в шоколаді»',
		   'Цукерки у шоколаді. Начинка – вишня без кісточки у вишневому лікері',35,5,478),
		    (38,3,'«SOFFIO Vanilla»',
		   'Суфле зі смаком ванілі у шоколадній глазурі ',35,5,198),
		    (39,3,'«Асорті Рошен» молочний шоколад',
		   'Чотири види цукерок у молочному шоколаді з начинками: вишневий трюфель, чорний шоколадний крем, вершкова помадка та горіховий крем з подрібненим лісовими горіхами',35,5,423),
		    (40,3,'«Асорті Рошен» чорний шоколад',
		   'Чотири види цукерок у чорному шоколаді з праліновою та помадною начинками ',35,5,421),

		    (41,4,'«Johnny Krocker Milk» 20 г.',
		   'Вафлі з молочною начинкою у шоколадній глазурі ',60,6,123),
		    (42,4,'«Johnny Krocker Choco» 20 г.',
		   'Вафлі з шоколадною начинкою у шоколадній глазурі ',60,6,209),
		    (43,4,'«Don Sesamo»',
		   'Праліне з сезамом та вафельною крихтою у кондитерській глазурі ',60,6,411),
		    (44,4,'JOHNNY KROCKER CHOCO',
		   'Вафельна цукерка у шоколадній глазурі з шоколадною начинкою ',60,6,109),
		    (45,4,'JOHNNY KROCKER MILK',
		   'Вафельна цукерка у шоколадній глазурі з молочною начинкою ',60,6,202),
		    (46,4,'«ROSHEN DESSERT» Вишня',
		   'Глазуровані шоколадом цукерки з трьошаровим корпусом: бісквіт, вишневе желе та марципан. ',60,6,100),
		    (47,4,'«KO-KO CHOCO» Dark',
		   'Цукерки у темному шоколаді з подвійною начинкою: ніжна кремова оболонка та вишукана начинка з нотками апельсину ',60,6,270),
		    (48,4,'«KO-KO CHOCO» White',
		   'Цукерки у білому шоколаді з подвійною начинкою: ніжна кремова оболонка та вишукана начинка з нотками ванілі ',60,6,269),
		    (49,4,'«Roshen De Luxe» крем-шоколад',
		   'Кремова цукерка вкрита молочним шоколадом з кремово-шоколадною начинкою ',60,6,215),
		    (50,4,'«ROSHEN De Luxe» крем-горіх',
		   'Цукерки у шоколаді з комбінованою кремово-горіховою начинкою ',60,6,383),
		    (51,4,'«Sorrento»',
		   'Цукерки глазуровані шоколадною глазурю з ніжною кремовою начинкою та бренді ',60,6,443),
		    (52,4,'Цукерки глазуровані шоколадною глазурю «Сливки-Ленивки»',
		   'Групова упаковка вафельних укрупнених цукерок «Сливки-Ленивки»',60,6,499),
		    (53,4,'«ROSHEN DESSERT» зі смаком ягід',
		   'Глазуровані шоколадом цукерки з трьошаровим корпусом: бісквіт, ягідне желе та марципан ',60,6,115),
		    (54,4,'«ROSHEN DESSERT» Вишня',
		   'Глазуровані шоколадом цукерки з трьошаровим корпусом: бісквіт, вишневе желе та марципан ',60,6,368),
		    (55,4,'«Монблан» з шоколадом та сезамом',
		   'Незвичайна композиція двох видів шоколаду і неглазурованого пралінового корпусу, наповненого обсмаженим насінням сезаму. Відсутність шоколадної оболонки дозволяє підкреслити особливий праліновий смак ',60,6,479),
		    
			(56,5,'«Old Town» арахіс',
		   'Під глазурована цукерка типу фадж з арахісом - популярний різновид молочно-ірисової цукерки у Європейських країнах ',150,2,456),
		    (57,5,'«Old Town» молоко',
		   'Під глазурована цукерка типу фадж зі смаком молока - популярний різновид молочно-ірисової цукерки у Європейських країнах ',150,2,195),
		    (58,5,'«SIMSIM»',
		   'Неглазурована цукерка, поєднання мякої карамелі та ароматного сезаму',150,2,97),
		    (59,5,'Basarili',
		   'Унікальна цукерка, яка представляє собою мякий, неглазурований грильяж, виконаний у східному стилі ',150,2,325),
		    (60,5,'«Турончики»',
		   'Неглазуровані цукерки з ефектом «мармурової поверхні», корпус – біла нуга з додаванням шоколадної глазурі ',150,2,233),
		    (61,5,'«Турончики» з цукатами',
		   'Неглазуровані цукерки, корпус – біла нуга з цукатами на основі ананасів ',150,2,364),
		    (62,5,'«Корівка Рошен»',
		   'Неглазуровані цукерки, корпус - молочна помадка із цукровою скоринкою ',150,2,381),

		   (63,6,'«BONNY-FRUIT» ТРОПІЧНІ ФРУКТИ',
		   'Мікс желейних цукерок на основі пектину у цукровій присипці, з додаванням натуральних фруктових соків: ананас, банан, мандарин, манго, лайм та грейпфрут',100,4,91),
		    (64,6,'«BONNY-FRUIT» ФРУКТИ',
		   'Мікс желейних цукерок на основі пектину у цукровій присипці, з додаванням натуральних фруктових та ягідних соків: полуниця, малина, апельсин, груша, лимон та яблуко ',100,4,89),
		    (65,6,'«BONNY-FRUIT» АСОРТІ',
		   'Мікс желейних цукерок на основі пектину у цукровій присипці у формі метелика, листика, сердечка, дзвіночка, зірочки та квіточки з додаванням натуральних фруктових та ягідних соків: мандарин, банан, манго, лимон, малина та груша ',100,4,468),
		    (66,6,'«BONNY-FRUIT» МОРСЬКЕ АСОРТІ',
		   'Мікс желейних цукерок на основі пектину у цукровій присипці у формі черепашки, морської зірки, восьминога, мушлі та рибки з додаванням натуральних фруктових та ягідних соків: апельсин, грейпфрут, лайм, ананас, яблуко та полуниця ',100,4,234),
		    (67,6,'«Сонячний жук»',
		   'Желейна цукерка на основі карагенану у формі сонячного жука, мікс шести смаків: груша, апельсин, лимон, яблуко, малина та полуниця',100,4,222),
		   
		    (68,7,'«Стакан молока» з молочною начинкою',
		   'Вершкове тофі з молочною начинкою, свій колір тофі отримую в процесі томлення молока ',30,8,353),
		    (69,7,'«Стакан молока» з молочною начинкою',
		   'Вершкове тофі з молочною начинкою ',30,8,157),
		   (70,7,'«Сливки-Ленивки»',
		   'Ніжне вершкове неглазуроване тофі ',30,8,436),
		    (71,7,'«Сливки-Ленивки»',
		   'Ніжне вершкове неглазуроване тофі ',30,8,88),
		    
			(72,8,'«MILKY-NUTTY»',
		   'Карамель з молочно-горіховою начинкою ',45,9,151),
		    (73,8,'«Taffy Berry»',
		   'Молочна карамель з полунично-йогуртовою начинкою ',45,9,127),
		    (74,8,'«Lazy Cow Caramel»',
		   'Молочна карамель зі смаком пломбиру та карамелі ',45,9,358),
		    (75,8,'«Lazy Cow Jammy»',
		   'Молочна карамель зі смаком пломбиру та полуничного джему ',45,9,329),
		    (76,8,'«Bonbonita Fruit Mix»',
		   'Мікс льодяникової карамелі з додаванням натуральних фруктово-ягідних соків: полуниця-банан, апельсин, груша та яблуко',45,9,364),
		   (77,8,'«Еклер»',
		   'Мяка карамель з шоколадною начинкою ',45,9,473),
		    (78,8,'«Еклер» молоко',
		   'Мяка молочна карамель з білим шоколадом ',45,9,335),
		    (79,8,'«CoffeeLike»',
		   'Карамель з молочно-кавовою начинкою, містить екстракт натуральної кави ',45,9,161),
		    (80,8,'«CHOCONILLA»',
		   'Карамель зі смаком молочного шоколаду, з вмістом какао тертого ',45,9,111),
		    (81,8,'«ГАЗИРОВКА»',
		   'Мікс льодяникової карамелі з «шипучою» начинкою: кола, «лаймон-фреш» та апельсин',45,9,338),
		    (82,8,'«Бім-Бом»',
		   'Прозора карамель у формі кулі з фруктово-ягідною начинкою зі смаками груші, ананасу, суниці та тутті-фрутті ',45,9,339),
		    (83,8,'«Молочна краплинка»',
		   'Карамель з молочною начинкою ',45,9,461),
		   (84,8,'«Рачки Рошен»',
		   'Карамель з шоколадно-горіховою начинкою',45,9,376),
		    (85,8,'«Карамелькіно»',
		   'Карамель льодяникова зі смаком барбарису ',45,9,129),
		    (86,8,'«Карамелькіно Мята»',
		   'Карамель льодяникова з ароматом мяти',45,9,152),
		    
			(87,9,'«Johnny Krocker Milk» 20 г.',
		   'Вафлі з молочною начинкою у шоколадній глазурі ',70,10,173),
		    (88,9,'«Johnny Krocker Choco» 20 г.',
		   'Вафлі з шоколадною начинкою у шоколадній глазурі ',70,10,219),
		    (89,9,'«Артек Рошен»',
		   'Світлі вафлі з кремово-шоколадною начинкою ',70,10,151),
		    (90,9,'«Наполітанки» згущене молоко',
		   'Темні вафлі з начинкою із згущеного молока ',70,10,239),
		   (91,9,'«Наполітанки» шоколадні',
		   'Темні вафлі з шоколадно-кремовою начинкою ',70,10,460),
		    (92,9,'«Наполітанки» згущене молоко',
		   'Темні вафлі з начинкою із згущеного молока ',70,10,319),
		    (93,9,'Вафельні трубочки «Рошен» з начинкою крем-шоколад',
		   'Вафельна трубочка темно-коричневого кольору з шоколадно-кремовою начинкою ',70,10,81),
		    (94,9,'Вафельні трубочки «Рошен» з начинкою згущене молоко-крем',
		   'Біла вафельна трубочка, декорована темною смужкою, з кремово-молочною начинкою ',70,10,196),
		    (95,9,'Цукерки глазуровані шоколадною глазурю «Сливки-Ленивки»',
		   'Глазуровані екстрамолочною шоколадною глазур’ю цукерки, з п’яти розсипчастих світлих вафельних листів та чотирьох шарів молочно-вершкової начинки зі справжніми молочними вершками ',70,10,460),
		    (96,9,'«Konafetto» крем-згущене молоко',
		   'Глазуровані шоколадною глазур’ю цукерки, корпус – вафельна трубочка з кремово-молочною начинкою всередені ',70,10,130),
		    (97,9,'«Konafetto» крем-горіх',
		   'Глазуровані шоколадною глазур’ю цукерки, корпус – вафельна трубочка з кремовою молочно-горіховою начинкою всередені ',70,10,213),
		   (98,9,'«Наполітанки» молочні',
		   'Світлі вафлі з молочною начинкою ',70,10,469),
		    
			(100,10,'«Сливки-Ленивки»',
		   'Цукрове печиво з молочно-кремовою начинкою ',150,3,377),
		    (101,10,'«Есмеральда» зі шматочками шоколадної глазурі',
		   'Здобне печиво зі шматочками шоколадної глазурі ',150,3,327),
		    (102,10,'«Есмеральда» шоколадна зі шматочками шоколадної глазурі',
		   'Здобне шоколадне печиво із шматочками шоколадної глазурі ',150,3,421),
		    (103,10,'«Есмеральда» з арахісом',
		   'Здобне печиво з арахісом ',150,3,401),
		    (104,10,'«Ажур» полуниця-крем',
		   'Ніжне цукрове печиво-сендвіч з кремовою начинкою та краплею полуничного джему в центрі ',150,3,161),
		    (105,10,'«Мульти-кейк» какао',
		   'Цукрове печиво-сендвіч з додаванням какао та молочно-кремовою начинкою ',150,3,160),
		   (106,10,'«Мульти-кейк» молоко',
		   'Цукрове печиво-сендвіч з шоколадно-кремовою начинкою ',150,3,348),
		    (107,10,'«До кави» з ароматом пряженого молока',
		   'Цукрове печиво з ароматом пряженого молока ',150,3,464),
		    (108,10,'«Сливкино»',
		   'Цукрове печиво з борошна вищого ґатунку з вершковим смаком ',150,3,314),
		    (109,10,'«Ажур» полуниця-крем',
		   'Ніжне цукрове печиво-сендвіч з кремовою начинкою та краплею полуничного джему ',150,3,419),
		    (110,10,'«Мульти-кейк» молоко',
		   'Цукрове печиво-сендвіч з борошна вищого ґатунку з шоколадно-кремовою начинкою ',150,3,389),
		    (111,10,'«Мульти-кейк» какао',
		   'Цукрове печиво-сендвіч з борошна вищого ґатунку з додаванням какао з кремово-молочною начинкою ',150,3,214),
		    
			(112,11,'Крекер «Ніжний»',
		   'Крекер класичний ',20,5,278),
		   (113,11,'Крекер «Ніжний»',
		   'Крекер класичний',20,5,183),
		    (114,11,'Крекер «З цибулею»',
		   'Крекер зі смаком цибулі ',20,5,499),
		    (115,11,'Крекер «Солоний»',
		   'Крекер солоний ',20,5,367),
		    (116,11,'Хрустик «Солоний»',
		   'Крекер солоний ',20,5,387),

		    (117,12,'Бісквітний рулет «Шоколадний»',
		   'Рулет із темного бісквіту з кремово-шоколадною начинкою, декорований шоколадною глазур’ю із світло-молочним декором ',15,7,345),
		    (118,12,'Бісквітний рулет «Полуниця-крем»',
		   'Рулет із світлого бісквіту з начинкою джем-крем зі смаком полуниці, декорований шоколадною глазур’ю ',15,7,92),
		    (119,12,'Бісквіт «Згущене молоко»',
		   'Тістечка із темного бісквіту з начинкою зі згущеним молоком, декоровані глазур’ю ',15,7,59),
		   (120,12,'Бісквіт «Шоколад»',
		   'Тістечка з темного бісквіту з шоколадною начинкою, декоровані світло-молочною глазур’ю ',15,7,298),
		    (121,12,'Бісквіт «Вишня-крем»',
		   'Тістечка із темного бісквіту з вишнево-кремовою начинкою, декоровані глазур’ю ',15,7,298),
		    (122,12,'Бісквітний рулет «Згущене молоко»',
		   'Рулет із темного бісквіту з начинкою зі смаком згущеного молока, декорований шоколадною глазур’ю із світло-молочним декором ',15,7,355),
		    (123,12,'Бісквітний рулет «Трюфельний»',
		   'Рулет із темного бісквіту з трюфельною начинкою, вкритий молочними кріспі ',15,7,425),
		    
			(124,13,'«Chocolissimo»',
		   'Два шоколадних бісквітних коржі, насичених сиропом з додаванням коньяку, і зєднаних вершковим кремом з додаванням какао, ваніліну та коньяку. Поверхня торту вкрита апельсиновим джемом і декорована шоколадним кремом ',10,8,465),
		    (125,13,'«Cremolino»',
		   'Складається з двох бісквітних коржів, насичених сиропом з додаванням коньяку, та зєднаних вершковим кремом. Поверхня торту вкрита абрикосовим джемом і декорована ванільно-вершковим кремом ',10,8,459),
		    (126,13,'«Золоті Ворота Рошен»',
		   'Два білково-збивні коржі з подрібненим арахісом, з’єднані вершковим кремом з додаванням ваніліну, коньяку та арахісу ',10,8,395),
		    (157,13,'«Київський»',
		   'виготовлений за традиційною рецептурою: два білково-збивні коржі з подрібненим фундуком, зєднані вершково-ванільним кремом з додаванням коньяку ',10,8,296),
		    (158,13,'«Грильяжний Рошен»',
		   'Складається з трьох білково-збивних коржів, зєднаних грильяжним кремом на основі вершкового масло з додаванням грильяжної маси з кешю та пралінової маси з тертими какао-бобами і лісовими горіхами ',10,8,220),
		    (159,13,'«Трюфель Рошен»',
		   'Складається з двох шоколадних бісквітних коржів, насичених коньячним сиропом, зєднаних шоколадним кремом з додаванням вініліну, какао та коньяку ',10,8,418),
		    (127,13,'«Золотий ключик»',
		   'складається з світлого та темного бісквітних коржів, насичених коньячнім сиропом, і зєднаних вершковим кремом з додаванням згущеного молока, ваніліну, какао та коньяку ',10,8,489),
		   
		   
		    (128,14,'Торт «Наполеон», 1 кг/уп',
		   'Ніжні тоненькі коржі з ароматним вершково-молочний кремом, які нагадують духмяну домашню випічку ',30,1,435),
		    (129,14,'Тістечка «Еклер» вершкові, 300 г/уп',
		   'Начинені вершковою начинкою та вкриті шоколадною помадкою ',30,1,463),
		    (130,14,'Тістечка «Еклер» кавові, 300 г/уп',
		   'Начинені вершковою начинкою з додаванням екстракту натуральної кави та вкриті молочно-шоколадною помадкою ',30,1,226),
		    (131,14,'Тістечка «Еклер» шоколадно-горіхові, 300 г/уп',
		   'Начинені вершковою начинкою з додаванням шоколадно-горіхового праліне та вкриті шоколадно-кремовою помадкою ',30,1,244),
		    (132,14,'Тістечка «Еклер» шоколадні, 300 г/уп',
		   'Начинені вершковою начинкою та вкриті шоколадно-кремовою помадкою з білого шоколаду ',30,1,217),
		    (133,14,'Зефір ваговий «Рожевий»',
		   'Зефір на основі яблучного пюре, яєчного білка і агар-агару з додаванням натурального барвнику для створення ніжно-рожевого кольору ',30,1,268),
		    (134,14,'Пастила, 310 г/уп',
		   'Пастила виготовлена за оригінальним класичним рецептом, шляхом збивання яблучного пюре з білками яєць та цукром ',30,1,256),
		    (135,14,'Зефір класичний, 270 г/уп',
		   'Зефір виготовлений за класичною рецептурою з використанням натуральних яєчних білків, яблучного пюре і агар-агару ',30,1,106),
		    (136,14,'Торт «Сливки-Ленивки», 0,5 кг/уп',
		   'Два шари повітряного бісквіта, насиченого сиропом з молочним лікером. Бісквітні шари обєднані вершковим кремом, на основі вершкового масла з додаванням йогурту ',30,1,216),
		    (137,14,'Торт «Горіховий», 1 кг/уп',
		   'Бісквіт з додаванням подрібненого фундука, зєднаний кремом, що містить шоколадно - горіхове праліне. Торт прикрашений кремом і тертим фундуком , але найсмачніше - це цілий карамелізований фундук ',30,1,204),
		    (138,14,'Торт «Празький», 1 кг/уп',
		   'Два шари шоколадного бісквіта , насиченого сиропом з додаванням абрикосового лікеру , зєднаних між собою вишуканим кремом Prague , виготовленого з додаванням натуральних яєчних жовтків. Поверхня торта покрита абрикосовим джемом та шоколадною помадкою , і прикрашений майстерно виконаним малюнком , що символізує місто Прагу ',30,1,395),
		    (139,14,'Кекс «Ромова баба», 460 і 920 г/уп',
		   'Кекс із домашнього здобного тіста з додаванням родзинок, насичений ароматним ромом ',30,1,143),
		   
		    (140,15,'№1 «Весело свято»',
		   'До складу подарунка входить карамель, шоколадні та желейні цукерки. Всього 14 шт. ',20,9,337),
		    (141,15,'№2 «Зимова казка»',
		   'До складу подарунка входить карамель, шоколадні та желейні цукерки. Всього 21 шт. ',20,9,395),
		    (142,15,'№3 «Гостинна хатинка»',
		   'До складу подарунка входить карамель, шоколадні та желейні цукерки. Всього 23 шт. ',20,9,367),
		    (143,15,'№4 «Поштова скринька»',
		   'До складу подарунка входить карамель, шоколадні та желейні цукерки. Всього 28 шт. ',20,9,432),
		    (144,15,'№5 «Казковий ліхтарик»',
		   'До складу подарунка входить карамель, шоколадні та желейні цукерки. Всього 34 шт.',20,9,488),
		    (145,15,'№6 «Святкова цукерка від «Рошен»',
		   'До складу подарунка входить карамель, шоколадні та желейні цукерки. Всього 38 шт. ',20,9,407),
		    (146,15,'№7 «Новорічне свято»',
		   'До складу подарунка входить шоколад, карамель, шоколадні та желейні цукерки. Всього 40 шт. ',20,9,270),
		    (147,15,'№8 «Новорічна ялинка»',
		   'До складу подарунка входить шоколад, карамель, шоколадні та желейні цукерки. Всього 41 шт. ',20,9,140),
		    (148,15,'№9 «Портфельчик солодощів від «Рошен»',
		   'До складу подарунка входить шоколад, карамель, шоколадні та желейні цукерки. Всього 46 шт. ',20,9,486),
		    (149,15,'№10 «Чарівна скринька»',
		   'До складу подарунка входить шоколад, карамель, шоколадні та желейні цукерки. Всього 49 шт. ',20,9,104),
		    
			
			(150,16,'«Taffy Berry»',
		   'Молочна карамель з полунично-йогуртовою начинкою ',25,10,185),
		    (151,16,'«MILKY-NUTTY»',
		   'Карамель з молочно-горіховою начинкою ',25,10,471),
		    (152,16,'«Johnny Krocker Milk» 20 г.',
		   'Вафлі з молочною начинкою у шоколадній глазурі ',25,10,259),
		    (153,16,'«Johnny Krocker Choco» 20 г.',
		   'Вафлі з шоколадною начинкою у шоколадній глазурі ',25,10,455),
		    (154,16,'«Don Sesamo»',
		   'Праліне з сезамом та вафельною крихтою у кондитерській глазурі ',25,10,350),
		    (155,16,'«Lazy Cow Caramel»',
		   'Молочна карамель зі смаком пломбиру та карамелі ',25,10,490),
		    (156,16,'«Lazy Cow Jammy»','Молочна карамель зі смаком пломбиру та полуничного джему ',25,10,346)

GO

INSERT INTO [dbo].[RELEASED_PRODUCT]
           ([RELEASED_PRODUCT_INFO_ID]
           ,[PRODUCTION_DATE]
           ,[EXPIRED_DATE]
           ,[PRODUCT_INFO_ID]
           ,[WAREHOUSE_ID]
           ,[QUANTITY]
           ,[MANUFACTURER_ADDRESS])
     VALUES
         (1,DATEFROMPARTS(2015,01,07),DATEFROMPARTS(2015,02,05),1,1,300,3),
		   (2,DATEFROMPARTS(2015,01,13),DATEFROMPARTS(2015,02,10),2,1,591,2),
		   (3,DATEFROMPARTS(2015,01,20),DATEFROMPARTS(2015,03,19),3,1,677,3),
		   (4,DATEFROMPARTS(2015,02,17),DATEFROMPARTS(2015,03,25),4,1,862,3),
		   (5,DATEFROMPARTS(2015,02,26),DATEFROMPARTS(2015,03,26),5,1,990,2),
		   (6,DATEFROMPARTS(2015,02,27),DATEFROMPARTS(2015,04,08),6,1,407,2),
		   (7,DATEFROMPARTS(2015,03,02),DATEFROMPARTS(2015,05,07),7,1,300,3),
		   (8,DATEFROMPARTS(2015,03,17),DATEFROMPARTS(2015,05,08),8,1,273,3),
		   (9,DATEFROMPARTS(2015,04,08),DATEFROMPARTS(2015,05,12),9,1,555,2),
		   (10,DATEFROMPARTS(2015,04,10),DATEFROMPARTS(2015,05,28),10,1,642,3),
		   (11,DATEFROMPARTS(2015,06,03),DATEFROMPARTS(2015,06,01),11,1,174,3),
		   (12,DATEFROMPARTS(2015,06,09),DATEFROMPARTS(2015,06,26),12,1,129,3),
		   (13,DATEFROMPARTS(2015,06,29),DATEFROMPARTS(2015,07,03),13,1,947,2),
		   (14,DATEFROMPARTS(2015,07,01),DATEFROMPARTS(2015,07,15),14,1,208,2),
		   (15,DATEFROMPARTS(2015,07,02),DATEFROMPARTS(2015,07,22),15,1,300,3),
		   (16,DATEFROMPARTS(2015,08,24),DATEFROMPARTS(2015,07,29),16,1,734,2),
		   (17,DATEFROMPARTS(2015,09,03),DATEFROMPARTS(2015,08,11),17,1,584,2),
		   (18,DATEFROMPARTS(2015,09,14),DATEFROMPARTS(2015,08,21),18,1,838,2),
		   (19,DATEFROMPARTS(2015,09,16),DATEFROMPARTS(2015,09,15),19,1,340,3),
		   (20,DATEFROMPARTS(2015,09,28),DATEFROMPARTS(2015,11,16),20,1,227,3),
		   (21,DATEFROMPARTS(2015,10,13),DATEFROMPARTS(2015,11,18),21,1,215,2),
		   (22,DATEFROMPARTS(2015,10,26),DATEFROMPARTS(2015,12,01),22,1,460,3),
		   (23,DATEFROMPARTS(2015,11,02),DATEFROMPARTS(2016,02,18),23,1,484,3),
		   (24,DATEFROMPARTS(2015,12,17),DATEFROMPARTS(2016,02,23),24,1,273,2),
		   (25,DATEFROMPARTS(2015,12,31),DATEFROMPARTS(2016,02,29),25,1,116,3),
		   (26,DATEFROMPARTS(2015,03,25),DATEFROMPARTS(2015,05,21),26,1,323,3),
		   (27,DATEFROMPARTS(2015,04,20),DATEFROMPARTS(2015,07,02),27,1,225,2),
		   (28,DATEFROMPARTS(2015,07,09),DATEFROMPARTS(2015,07,08),28,1,340,3),
		   (29,DATEFROMPARTS(2015,08,24),DATEFROMPARTS(2015,07,13),29,1,300,3),
		   (30,DATEFROMPARTS(2015,08,26),DATEFROMPARTS(2015,07,31),30,1,376,3),
		   (31,DATEFROMPARTS(2015,09,01),DATEFROMPARTS(2015,08,28),31,1,150,2),
		   (32,DATEFROMPARTS(2015,09,02),DATEFROMPARTS(2015,09,02),32,1,456,3),
		   (33,DATEFROMPARTS(2015,09,23),DATEFROMPARTS(2015,09,16),33,1,115,2),
		   (34,DATEFROMPARTS(2015,10,02),DATEFROMPARTS(2015,11,16),34,1,169,2),
		   (35,DATEFROMPARTS(2015,11,23),DATEFROMPARTS(2015,11,26),35,1,217,3),
		   (36,DATEFROMPARTS(2015,11,30),DATEFROMPARTS(2015,12,08),36,1,485,3),
		   (37,DATEFROMPARTS(2015,12,29),DATEFROMPARTS(2015,12,15),37,1,242,3),
		   (38,DATEFROMPARTS(2016,02,15),DATEFROMPARTS(2016,02,18),38,1,409,3),
		   (39,DATEFROMPARTS(2016,03,07),DATEFROMPARTS(2016,02,19),39,1,428,3),
		   (40,DATEFROMPARTS(2016,04,15),DATEFROMPARTS(2016,04,21),40,1,300,3),
		   (41,DATEFROMPARTS(2016,05,19),DATEFROMPARTS(2016,05,03),41,1,422,2),
		   (42,DATEFROMPARTS(2016,06,21),DATEFROMPARTS(2016,05,11),42,1,355,2),
		   (43,DATEFROMPARTS(2016,06,23),DATEFROMPARTS(2016,05,24),43,1,374,2),
		   (44,DATEFROMPARTS(2016,07,07),DATEFROMPARTS(2016,06,01),44,1,217,2),
		   (45,DATEFROMPARTS(2016,07,15),DATEFROMPARTS(2016,06,21),45,1,387,3),
		   (46,DATEFROMPARTS(2016,08,24),DATEFROMPARTS(2016,08,08),46,1,143,3),
		   (47,DATEFROMPARTS(2016,08,25),DATEFROMPARTS(2016,09,22),47,1,300,2),
		   (48,DATEFROMPARTS(2016,09,14),DATEFROMPARTS(2016,09,27),48,1,305,3),
		   (49,DATEFROMPARTS(2016,09,16),DATEFROMPARTS(2016,10,25),49,1,151,2),
		   (50,DATEFROMPARTS(2016,09,20),DATEFROMPARTS(2016,11,11),50,1,307,3),

		   (51,DATEFROMPARTS(2015,01,07),DATEFROMPARTS(2015,02,05),51,1,300,3),
		   (52,DATEFROMPARTS(2015,01,13),DATEFROMPARTS(2015,02,10),52,1,591,2),
		   (53,DATEFROMPARTS(2015,01,20),DATEFROMPARTS(2015,03,19),53,1,677,3),
		   (54,DATEFROMPARTS(2015,02,17),DATEFROMPARTS(2015,03,25),54,1,862,3),
		   (55,DATEFROMPARTS(2015,02,26),DATEFROMPARTS(2015,03,26),55,1,990,2),
		   (56,DATEFROMPARTS(2015,02,27),DATEFROMPARTS(2015,04,08),56,1,407,2),
		   (57,DATEFROMPARTS(2015,03,02),DATEFROMPARTS(2015,05,07),57,1,300,3),
		   (58,DATEFROMPARTS(2015,03,17),DATEFROMPARTS(2015,05,08),58,1,273,3),
		   (59,DATEFROMPARTS(2015,04,08),DATEFROMPARTS(2015,05,12),59,1,555,2),
		   (60,DATEFROMPARTS(2015,04,10),DATEFROMPARTS(2015,05,28),60,1,642,3),
		   (61,DATEFROMPARTS(2015,06,03),DATEFROMPARTS(2015,06,01),61,1,174,3),
		   (62,DATEFROMPARTS(2015,06,09),DATEFROMPARTS(2015,06,26),62,1,129,3),
		   (63,DATEFROMPARTS(2015,06,29),DATEFROMPARTS(2015,07,03),63,1,947,2),
		   (64,DATEFROMPARTS(2015,07,01),DATEFROMPARTS(2015,07,15),64,1,208,2),
		   (65,DATEFROMPARTS(2015,07,02),DATEFROMPARTS(2015,07,22),65,1,300,3),
		   (66,DATEFROMPARTS(2015,08,24),DATEFROMPARTS(2015,07,29),66,1,734,2),
		   (67,DATEFROMPARTS(2015,09,03),DATEFROMPARTS(2015,08,11),67,1,584,2),
		   (68,DATEFROMPARTS(2015,09,14),DATEFROMPARTS(2015,08,21),68,1,838,2),
		   (69,DATEFROMPARTS(2015,09,16),DATEFROMPARTS(2015,09,15),69,1,340,3),
		   (70,DATEFROMPARTS(2015,09,28),DATEFROMPARTS(2015,11,16),70,1,227,3),
		   (71,DATEFROMPARTS(2015,10,13),DATEFROMPARTS(2015,11,18),71,1,215,2),
		   (72,DATEFROMPARTS(2015,10,26),DATEFROMPARTS(2015,12,01),72,1,460,3),
		   (73,DATEFROMPARTS(2015,11,02),DATEFROMPARTS(2016,02,18),73,1,484,3),
		   (74,DATEFROMPARTS(2015,12,17),DATEFROMPARTS(2016,02,23),74,1,273,2),
		   (75,DATEFROMPARTS(2015,12,31),DATEFROMPARTS(2016,02,29),75,1,116,3),
		   (76,DATEFROMPARTS(2015,03,25),DATEFROMPARTS(2015,05,21),76,1,323,3),
		   (77,DATEFROMPARTS(2015,04,20),DATEFROMPARTS(2015,07,02),77,1,225,2),
		   (78,DATEFROMPARTS(2015,07,09),DATEFROMPARTS(2015,07,08),78,1,340,3),
		   (79,DATEFROMPARTS(2015,08,24),DATEFROMPARTS(2015,07,13),79,1,300,3),
		   (80,DATEFROMPARTS(2015,08,26),DATEFROMPARTS(2015,07,31),80,1,376,3),
		   (81,DATEFROMPARTS(2015,09,01),DATEFROMPARTS(2015,08,28),81,1,150,2),
		   (82,DATEFROMPARTS(2015,09,02),DATEFROMPARTS(2015,09,02),82,1,456,3),
		   (83,DATEFROMPARTS(2015,09,23),DATEFROMPARTS(2015,09,16),83,1,115,2),
		   (84,DATEFROMPARTS(2015,10,02),DATEFROMPARTS(2015,11,16),84,1,169,2),
		   (85,DATEFROMPARTS(2015,11,23),DATEFROMPARTS(2015,11,26),85,1,217,3),
		   (86,DATEFROMPARTS(2015,11,30),DATEFROMPARTS(2015,12,08),86,1,485,3),
		   (87,DATEFROMPARTS(2015,12,29),DATEFROMPARTS(2015,12,15),87,1,242,3),
		   (88,DATEFROMPARTS(2016,02,15),DATEFROMPARTS(2016,02,18),88,1,409,3),
		   (89,DATEFROMPARTS(2016,03,07),DATEFROMPARTS(2016,02,19),89,1,428,3),
		   (90,DATEFROMPARTS(2016,04,15),DATEFROMPARTS(2016,04,21),90,1,300,3),
		   (91,DATEFROMPARTS(2016,05,19),DATEFROMPARTS(2016,05,03),91,1,422,2),
		   (92,DATEFROMPARTS(2016,06,21),DATEFROMPARTS(2016,05,11),92,1,355,2),
		   (93,DATEFROMPARTS(2016,06,23),DATEFROMPARTS(2016,05,24),93,1,374,2),
		   (94,DATEFROMPARTS(2016,07,07),DATEFROMPARTS(2016,06,01),94,1,217,2),
		   (95,DATEFROMPARTS(2016,07,15),DATEFROMPARTS(2016,06,21),95,1,387,3),
		   (96,DATEFROMPARTS(2016,08,24),DATEFROMPARTS(2016,08,08),96,1,143,3),
		   (97,DATEFROMPARTS(2016,08,25),DATEFROMPARTS(2016,09,22),97,1,300,2),
		   (98,DATEFROMPARTS(2016,09,14),DATEFROMPARTS(2016,09,27),98,1,305,3),
		   (100,DATEFROMPARTS(2016,09,20),DATEFROMPARTS(2016,11,11),100,1,307,3),

		   (101,DATEFROMPARTS(2015,01,07),DATEFROMPARTS(2015,02,05),101,1,300,3),
		   (102,DATEFROMPARTS(2015,01,13),DATEFROMPARTS(2015,02,10),102,1,591,2),
		   (103,DATEFROMPARTS(2015,01,20),DATEFROMPARTS(2015,03,19),103,1,677,3),
		   (104,DATEFROMPARTS(2015,02,17),DATEFROMPARTS(2015,03,25),104,1,862,3),
		   (105,DATEFROMPARTS(2015,02,26),DATEFROMPARTS(2015,03,26),105,1,990,2),
		   (106,DATEFROMPARTS(2015,02,27),DATEFROMPARTS(2015,04,08),106,1,407,2),
		   (107,DATEFROMPARTS(2015,03,02),DATEFROMPARTS(2015,05,07),107,1,300,3),
		   (108,DATEFROMPARTS(2015,03,17),DATEFROMPARTS(2015,05,08),108,1,273,3),
		   (109,DATEFROMPARTS(2015,04,08),DATEFROMPARTS(2015,05,12),109,1,555,2),
		   (110,DATEFROMPARTS(2015,04,10),DATEFROMPARTS(2015,05,28),110,1,642,3),
		   (111,DATEFROMPARTS(2015,06,03),DATEFROMPARTS(2015,06,01),111,1,174,3),
		   (112,DATEFROMPARTS(2015,06,09),DATEFROMPARTS(2015,06,26),112,1,129,3),
		   (113,DATEFROMPARTS(2015,06,29),DATEFROMPARTS(2015,07,03),113,1,947,2),
		   (114,DATEFROMPARTS(2015,07,01),DATEFROMPARTS(2015,07,15),114,1,208,2),
		   (115,DATEFROMPARTS(2015,07,02),DATEFROMPARTS(2015,07,22),115,1,300,3),
		   (116,DATEFROMPARTS(2015,08,24),DATEFROMPARTS(2015,07,29),116,1,734,2),
		   (117,DATEFROMPARTS(2015,09,03),DATEFROMPARTS(2015,08,11),117,1,584,2),
		   (118,DATEFROMPARTS(2015,09,14),DATEFROMPARTS(2015,08,21),118,1,838,2),
		   (119,DATEFROMPARTS(2015,09,16),DATEFROMPARTS(2015,09,15),119,1,340,3),
		   (120,DATEFROMPARTS(2015,09,28),DATEFROMPARTS(2015,11,16),120,1,227,3),
		   (121,DATEFROMPARTS(2015,10,13),DATEFROMPARTS(2015,11,18),121,1,215,2),
		   (122,DATEFROMPARTS(2015,10,26),DATEFROMPARTS(2015,12,01),122,1,460,3),
		   (123,DATEFROMPARTS(2015,11,02),DATEFROMPARTS(2016,02,18),123,1,484,3),
		   (124,DATEFROMPARTS(2015,12,17),DATEFROMPARTS(2016,02,23),124,1,273,2),
		   (125,DATEFROMPARTS(2015,12,31),DATEFROMPARTS(2016,02,29),125,1,116,3),
		   (126,DATEFROMPARTS(2015,03,25),DATEFROMPARTS(2015,05,21),126,1,323,3),
		   (127,DATEFROMPARTS(2015,04,20),DATEFROMPARTS(2015,07,02),127,1,225,2),
		   (128,DATEFROMPARTS(2015,07,09),DATEFROMPARTS(2015,07,08),128,1,340,3),
		   (129,DATEFROMPARTS(2015,08,24),DATEFROMPARTS(2015,07,13),129,1,300,3),
		   (130,DATEFROMPARTS(2015,08,26),DATEFROMPARTS(2015,07,31),130,1,376,3),
		   (131,DATEFROMPARTS(2015,09,01),DATEFROMPARTS(2015,08,28),131,1,150,2),
		   (132,DATEFROMPARTS(2015,09,02),DATEFROMPARTS(2015,09,02),132,1,456,3),
		   (133,DATEFROMPARTS(2015,09,23),DATEFROMPARTS(2015,09,16),133,1,115,2),
		   (134,DATEFROMPARTS(2015,10,02),DATEFROMPARTS(2015,11,16),134,1,169,2),
		   (135,DATEFROMPARTS(2015,11,23),DATEFROMPARTS(2015,11,26),135,1,217,3),
		   (136,DATEFROMPARTS(2015,11,30),DATEFROMPARTS(2015,12,08),136,1,485,3),
		   (137,DATEFROMPARTS(2015,12,29),DATEFROMPARTS(2015,12,15),137,1,242,3),
		   (138,DATEFROMPARTS(2016,02,15),DATEFROMPARTS(2016,02,18),138,1,409,3),
		   (139,DATEFROMPARTS(2016,03,07),DATEFROMPARTS(2016,02,19),139,1,428,3),
		   (140,DATEFROMPARTS(2016,04,15),DATEFROMPARTS(2016,04,21),140,1,300,3),
		   (141,DATEFROMPARTS(2016,05,19),DATEFROMPARTS(2016,05,03),141,1,422,2),
		   (142,DATEFROMPARTS(2016,06,21),DATEFROMPARTS(2016,05,11),142,1,355,2),
		   (143,DATEFROMPARTS(2016,06,23),DATEFROMPARTS(2016,05,24),143,1,374,2),
		   (144,DATEFROMPARTS(2016,07,07),DATEFROMPARTS(2016,06,01),144,1,217,2),
		   (145,DATEFROMPARTS(2016,07,15),DATEFROMPARTS(2016,06,21),145,1,387,3),
		   (146,DATEFROMPARTS(2016,08,24),DATEFROMPARTS(2016,08,08),146,1,143,3),
		   (147,DATEFROMPARTS(2016,08,25),DATEFROMPARTS(2016,09,22),147,1,300,2),
		   (148,DATEFROMPARTS(2016,09,14),DATEFROMPARTS(2016,09,27),148,1,305,3),
		   (149,DATEFROMPARTS(2016,09,16),DATEFROMPARTS(2016,10,25),149,1,151,2),
		   (150,DATEFROMPARTS(2016,09,20),DATEFROMPARTS(2016,11,11),150,1,307,3)

GO

INSERT INTO [dbo].[ORDER_PRODUCT]
           ([ORDER_PRODUCT_INFO_ID]
           ,[SALE_ORDER_ID]
           ,[PRODUCT_INFO_ID]
           ,[QUANTITY_IN_ORDER]
		   ,[WAREHOUSE_ID])
     VALUES
           (1,1,1,174,1),
		   (2,1,149,200,1),
		   (3,2,147,52,1),
		   (4,2,1,11,1),
		   (5,3,109,31,1),
		   (6,3,2,200,1),
		   (7,4,95,104,1),
		   (8,4,82,114,1),
		   (9,5,151,28,1),
		   (10,5,22,104,1),
		   (11,6,47,119,1),
		   (12,6,56,82,1),
		   (13,7,104,135,1),
		   (14,7,19,161,1),
		   (15,8,92,199,1),
		   (16,8,147,156,1),
		   (17,9,78,43,1),
		   (18,9,33,81,1),
		   (19,10,58,107,1),
		   (20,10,15,152,1),
		   (21,11,7,76,1),
		   (22,11,61,10,1),
		   (23,12,19,184,1),
		   (24,12,127,59,1),
		   (25,13,98,21,1),
		   (26,13,111,12,1),
		   (27,14,83,117,1),
		   (28,14,71,25,1),
		   (29,15,25,103,1),
		   (30,15,16,122,1),
		   (31,16,121,127,1),
		   (32,16,82,86,1),
		   (33,17,5,85,1),
		   (34,17,64,29,1),
		   (35,18,31,15,1),
		   (36,18,138,13,1),
		   (37,19,95,132,1),
		   (38,19,143,183,1),
		   (39,20,43,167,1),
		   (40,20,29,38,1),
		   (41,21,154,164,1),
		   (42,21,23,20,1),
		   (43,22,86,95,1),
		   (44,22,117,118,1),
		   (45,23,16,130,1),
		   (46,23,149,153,1),
		   (47,24,115,115,1),
		   (48,24,34,115,1),
		   (49,25,152,20,1),
		   (50,25,97,45,1)
GO

INSERT INTO [dbo].[PRODUCTION_SCHEDULE]
           ([SCHEDULE_ID]
           ,[REQUIRED_DATE]
           ,[STAFF_ID]
           ,[SCHEDULE_STATE]
		   ,[CREATED_DATE]
		   ,[SCHEDULE_TOTAL]
		   ,[WAREHOUSE_ID])
     VALUES
            (1,DATEFROMPARTS(2014,05,05),30,'Реалізований',DATEFROMPARTS(2014,04,05),423421,1),
		    (2,DATEFROMPARTS(2014,02,08),30,'Реалізований',DATEFROMPARTS(2014,01,08),43545,1),
			(3,DATEFROMPARTS(2014,08,03),30,'Реалізований',DATEFROMPARTS(2014,07,03),655766,1),
			(4,DATEFROMPARTS(2014,09,02),30,'Активний',DATEFROMPARTS(2014,08,02),2132324,1),
			(5,DATEFROMPARTS(2014,10,25),30,'Активний',DATEFROMPARTS(2014,09,25),64576567,1)

GO

INSERT INTO [dbo].[SCHEDULE_PRODUCT_INFO]
           ([SCHEDULE_PRODUCT_INFO_ID]
           ,[SCHEDULE_ID]
           ,[PRODUCT_INFO_ID]
           ,[QUANTITY_IN_SCHEDULE]
		   ,[RELEASED_QUANTITY])
     VALUES
            (1,1,20,50,50),
		    (2,1,43,43,43),
			(3,2,98,76,76),
			(4,2,23,32,32),
			(5,3,29,5,5),
			(6,4,43,78,78),
			(7,4,100,8,8),
			(8,5,23,56,56),
			(9,5,78,32,32),
			(10,5,21,78,78)
GO